{
    "type": "euler",
    "rotations": {
        "head": [
            1.224646799147353e-16,
            1.2246467991473535e-16,
            -1.224646799147353e-16,
            -1.0
        ],
        "neck": [
            0.09172379901271097,
            0.07021891043613107,
            0.0032793174242884086,
            -0.9933002040617274
        ],
        "hips": [
            0.009738366000982825,
            0.14723051129196638,
            -0.0365355085230913,
            0.9883792275181101
        ],
        "spine": [
            0.006506421388588049,
            0.06997512884005705,
            -0.031027899329856144,
            0.9970448421649387
        ],
        "chest": [
            1.64396215582422e-08,
            0.06396102295708671,
            1.3894171984976168e-07,
            0.9979523974329956
        ],
        "upperChest": [
            0.02235654708179633,
            -0.05627282202711432,
            0.12607675778031394,
            0.9901707961010001
        ],
        "leftUpperArm": [
            -0.16866574177436502,
            -0.013086212209165268,
            0.528257014021902,
            0.8320607824782899
        ],
        "leftLowerArm": [
            -1.4474911404957166e-07,
            0.09384402356758068,
            -2.6542693864352764e-07,
            -0.9955869119471971
        ],
        "leftHand": [
            -1.3137532784240938e-07,
            -5.061645607790833e-09,
            -0.07597342433980876,
            -0.9971098428929814
        ],
        "rightUpperArm": [
            0.3385701389713438,
            -0.23671654860407015,
            0.4929334160844891,
            -0.7657363671141509
        ],
        "rightLowerArm": [
            0.136790421161813,
            0.7157456895975504,
            -0.12924114612578771,
            0.6725274824488537
        ],
        "rightHand": [
            -0.04324733535835882,
            0.21695758906202975,
            0.1906380076222665,
            0.9564079791504281
        ],
        "leftUpperLeg": [
            1.4576248002026186e-09,
            -1.0436440430488747e-07,
            -0.024829896525964828,
            -0.9996916905919039
        ],
        "leftLowerLeg": [
            1.224646799147353e-16,
            1.2246467991473535e-16,
            -1.224646799147353e-16,
            -1.0
        ],
        "leftFoot": [
            1.224646799147353e-16,
            1.2246467991473535e-16,
            -1.224646799147353e-16,
            -1.0
        ],
        "rightUpperLeg": [
            -0.0430301000047676,
            -0.025507913185128225,
            -0.17666330612026893,
            -0.9829994064744779
        ],
        "rightLowerLeg": [
            1.224646799147353e-16,
            1.2246467991473535e-16,
            -1.224646799147353e-16,
            -1.0
        ],
        "rightFoot": [
            0.25723398679030895,
            0.15489718971276928,
            -0.021050551847594252,
            -0.9536217336690482
        ],
        "leftEye": [
            1.224646799147353e-16,
            1.2246467991473535e-16,
            -1.224646799147353e-16,
            -1.0
        ],
        "rightEye": [
            1.224646799147353e-16,
            1.2246467991473535e-16,
            -1.224646799147353e-16,
            -1.0
        ],
        "leftShoulder": [
            1.224646799147353e-16,
            1.2246467991473535e-16,
            -1.224646799147353e-16,
            -1.0
        ],
        "leftIndexProximal": [
            1.224646799147353e-16,
            1.2246467991473535e-16,
            -1.224646799147353e-16,
            -1.0
        ],
        "leftIndexIntermediate": [
            1.224646799147353e-16,
            1.2246467991473535e-16,
            -1.224646799147353e-16,
            -1.0
        ],
        "leftIndexDistal": [
            1.224646799147353e-16,
            1.2246467991473535e-16,
            -1.224646799147353e-16,
            -1.0
        ],
        "leftLittleProximal": [
            1.224646799147353e-16,
            1.2246467991473535e-16,
            -1.224646799147353e-16,
            -1.0
        ],
        "leftLittleIntermediate": [
            1.224646799147353e-16,
            1.2246467991473535e-16,
            -1.224646799147353e-16,
            -1.0
        ],
        "leftLittleDistal": [
            1.224646799147353e-16,
            1.2246467991473535e-16,
            -1.224646799147353e-16,
            -1.0
        ],
        "leftMiddleProximal": [
            1.224646799147353e-16,
            1.2246467991473535e-16,
            -1.224646799147353e-16,
            -1.0
        ],
        "leftMiddleIntermediate": [
            1.224646799147353e-16,
            1.2246467991473535e-16,
            -1.224646799147353e-16,
            -1.0
        ],
        "leftMiddleDistal": [
            1.224646799147353e-16,
            1.2246467991473535e-16,
            -1.224646799147353e-16,
            -1.0
        ],
        "leftRingProximal": [
            1.224646799147353e-16,
            1.2246467991473535e-16,
            -1.224646799147353e-16,
            -1.0
        ],
        "leftRingIntermediate": [
            1.224646799147353e-16,
            1.2246467991473535e-16,
            -1.224646799147353e-16,
            -1.0
        ],
        "leftRingDistal": [
            1.224646799147353e-16,
            1.2246467991473535e-16,
            -1.224646799147353e-16,
            -1.0
        ],
        "leftThumbProximal": [
            1.224646799147353e-16,
            1.2246467991473535e-16,
            -1.224646799147353e-16,
            -1.0
        ],
        "leftThumbIntermediate": [
            1.224646799147353e-16,
            1.2246467991473535e-16,
            -1.224646799147353e-16,
            -1.0
        ],
        "leftThumbDistal": [
            1.224646799147353e-16,
            1.2246467991473535e-16,
            -1.224646799147353e-16,
            -1.0
        ],
        "rightShoulder": [
            1.224646799147353e-16,
            1.2246467991473535e-16,
            -1.224646799147353e-16,
            -1.0
        ],
        "rightIndexProximal": [
            1.224646799147353e-16,
            1.2246467991473535e-16,
            -1.224646799147353e-16,
            -1.0
        ],
        "rightIndexIntermediate": [
            1.224646799147353e-16,
            1.2246467991473535e-16,
            -1.224646799147353e-16,
            -1.0
        ],
        "rightIndexDistal": [
            1.224646799147353e-16,
            1.2246467991473535e-16,
            -1.224646799147353e-16,
            -1.0
        ],
        "rightLittleProximal": [
            1.224646799147353e-16,
            1.2246467991473535e-16,
            -1.224646799147353e-16,
            -1.0
        ],
        "rightLittleIntermediate": [
            1.224646799147353e-16,
            1.2246467991473535e-16,
            -1.224646799147353e-16,
            -1.0
        ],
        "rightLittleDistal": [
            1.224646799147353e-16,
            1.2246467991473535e-16,
            -1.224646799147353e-16,
            -1.0
        ],
        "rightMiddleProximal": [
            1.224646799147353e-16,
            1.2246467991473535e-16,
            -1.224646799147353e-16,
            -1.0
        ],
        "rightMiddleIntermediate": [
            1.224646799147353e-16,
            1.2246467991473535e-16,
            -1.224646799147353e-16,
            -1.0
        ],
        "rightMiddleDistal": [
            1.224646799147353e-16,
            1.2246467991473535e-16,
            -1.224646799147353e-16,
            -1.0
        ],
        "rightRingProximal": [
            1.224646799147353e-16,
            1.2246467991473535e-16,
            -1.224646799147353e-16,
            -1.0
        ],