{
    "type": "euler",
    "rotations": {
        "head": [
            0.09872094065834958,
            -0.0588187310587435,
            0.1253738449290547,
            -0.9854318503883844
        ],
        "neck": [
            2.0329294558460955e-07,
            4.921632973361512e-07,
            -0.03478655525338825,
            -0.9993947646317342
        ],
        "hips": [
            -1.2544354642184874e-16,
            -1.194115250482408e-16,
            -0.0246275962089955,
            0.9996966947554476
        ],
        "spine": [
            0.060393429037724225,
            0.06471951750334895,
            -0.042525504855070353,
            0.9951661163946552
        ],
        "chest": [
            0.03472238364262743,
            0.00406228203786281,
            -0.038719528889197,
            -0.998638399032111
        ],
        "upperChest": [
            0.017185155996657906,
            -0.059178576875821266,
            0.09435696511294321,
            0.9936293723451404
        ],
        "leftUpperArm": [
            -0.3431621978412678,
            0.16223822058907575,
            0.34387056154139756,
            0.8588780487694657
        ],
        "leftLowerArm": [
            -0.19495727133347024,
            0.7002472748867173,
            -0.18419792304010904,
            -0.6616014975161737
        ],
        "leftHand": [
            -0.07690631684488354,
            -0.29017641189618165,
            -0.24437075461723343,
            0.9220444689364041
        ],
        "rightUpperArm": [
            -0.08915353745447806,
            0.06459345318047402,
            -0.6561899942097749,
            0.746521281722464
        ],
        "rightLowerArm": [
            -0.012295337917128018,
            0.21514873988358849,
            0.05571112048437269,
            0.9749133886896739
        ],
        "rightHand": [
            -0.004781462451635839,
            -0.05201188745566809,
            -0.0914123200700607,
            0.9944424010064793
        ],
        "leftUpperLeg": [
            1.224646799147353e-16,
            1.2246467991473535e-16,
            -1.224646799147353e-16,
            -1.0
        ],
        "leftLowerLeg": [
            1.224646799147353e-16,
            1.2246467991473535e-16,
            -1.224646799147353e-16,
            -1.0
        ],
        "leftFoot": [
            1.224646799147353e-16,
            1.2246467991473535e-16,
            -1.224646799147353e-16,
            -1.0
        ],
        "rightUpperLeg": [
            0.19684805278593331,
            -0.19871010448216184,
            0.15286639970004198,
            0.9478380675694672
        ],
        "rightLowerLeg": [
            0.16565316080728487,
            -1.1426701792410226e-07,
            1.9371513317933897e-07,
            -0.9861840752691685
        ],
        "rightFoot": [
            0.09768590330619809,
            -4.364393672662303e-07,
            1.4919926398568315e-07,
            -0.9952172950140282
        ],
        "leftEye": [
            1.224646799147353e-16,
            1.2246467991473535e-16,
            -1.224646799147353e-16,
            -1.0
        ],
        "rightEye": [
            1.224646799147353e-16,
            1.2246467991473535e-16,
            -1.224646799147353e-16,
            -1.0
        ],
        "leftShoulder": [
            1.224646799147353e-16,
            1.2246467991473535e-16,
            -1.224646799147353e-16,
            -1.0
        ],
        "leftIndexProximal": [
            1.224646799147353e-16,
            1.2246467991473535e-16,
            -1.224646799147353e-16,
            -1.0
        ],
        "leftIndexIntermediate": [
            1.224646799147353e-16,
            1.2246467991473535e-16,
            -1.224646799147353e-16,
            -1.0
        ],
        "leftIndexDistal": [
            1.224646799147353e-16,
            1.2246467991473535e-16,
            -1.224646799147353e-16,
            -1.0
        ],
        "leftLittleProximal": [
            1.224646799147353e-16,
            1.2246467991473535e-16,
            -1.224646799147353e-16,
            -1.0
        ],
        "leftLittleIntermediate": [
            1.224646799147353e-16,
            1.2246467991473535e-16,
            -1.224646799147353e-16,
            -1.0
        ],
        "leftLittleDistal": [
            1.224646799147353e-16,
            1.2246467991473535e-16,
            -1.224646799147353e-16,
            -1.0
        ],
        "leftMiddleProximal": [
            1.224646799147353e-16,
            1.2246467991473535e-16,
            -1.224646799147353e-16,
            -1.0
        ],
        "leftMiddleIntermediate": [
            1.224646799147353e-16,
            1.2246467991473535e-16,
            -1.224646799147353e-16,
            -1.0
        ],
        "leftMiddleDistal": [
            1.224646799147353e-16,
            1.2246467991473535e-16,
            -1.224646799147353e-16,
            -1.0
        ],
        "leftRingProximal": [
            1.224646799147353e-16,
            1.2246467991473535e-16,
            -1.224646799147353e-16,
            -1.0
        ],
        "leftRingIntermediate": [
            1.224646799147353e-16,
            1.2246467991473535e-16,
            -1.224646799147353e-16,
            -1.0
        ],
        "leftRingDistal": [
            1.224646799147353e-16,
            1.2246467991473535e-16,
            -1.224646799147353e-16,
            -1.0
        ],
        "leftThumbProximal": [
            1.224646799147353e-16,
            1.2246467991473535e-16,
            -1.224646799147353e-16,
            -1.0
        ],
        "leftThumbIntermediate": [
            1.224646799147353e-16,
            1.2246467991473535e-16,
            -1.224646799147353e-16,
            -1.0
        ],
        "leftThumbDistal": [
            1.224646799147353e-16,
            1.2246467991473535e-16,
            -1.224646799147353e-16,
            -1.0
        ],
        "rightShoulder": [
            1.224646799147353e-16,
            1.2246467991473535e-16,
            -1.224646799147353e-16,
            -1.0
        ],
        "rightIndexProximal": [
            1.224646799147353e-16,
            1.2246467991473535e-16,
            -1.224646799147353e-16,
            -1.0
        ],
        "rightIndexIntermediate": [
            1.224646799147353e-16,
            1.2246467991473535e-16,
            -1.224646799147353e-16,
            -1.0
        ],
        "rightIndexDistal": [
            1.224646799147353e-16,
            1.2246467991473535e-16,
            -1.224646799147353e-16,
            -1.0
        ],
        "rightLittleProximal": [
            1.224646799147353e-16,
            1.2246467991473535e-16,
            -1.224646799147353e-16,
            -1.0
        ],
        "rightLittleIntermediate": [
            1.224646799147353e-16,
            1.2246467991473535e-16,
            -1.224646799147353e-16,
            -1.0
        ],
        "rightLittleDistal": [
            1.224646799147353e-16,
            1.2246467991473535e-16,
            -1.224646799147353e-16,
            -1.0
        ],
        "rightMiddleProximal": [
            1.224646799147353e-16,
            1.2246467991473535e-16,
            -1.224646799147353e-16,
            -1.0
        ],
        "rightMiddleIntermediate": [
            1.224646799147353e-16,
            1.2246467991473535e-16,
            -1.224646799147353e-16,
            -1.0
        ],
        "rightMiddleDistal": [
            1.224646799147353e-16,
            1.2246467991473535e-16,
            -1.224646799147353e-16,
            -1.0
        ],
        "rightRingProximal": [
            1.224646799147353e-16,
            1.2246467991473535e-16,
            -1.224646799147353e-16,
            -1.0
        ],