{
    "type": "euler",
    "rotations": {
        "head": [
            0.03856174866230867,
            -0.0032057177594242148,
            0.027571437303721084,
            -0.9988706276384139
        ],
        "neck": [
            1.224646799147353e-16,
            1.2246467991473535e-16,
            -1.224646799147353e-16,
            -1.0
        ],
        "hips": [
            1.1867312108849145e-16,
            1.261423243180234e-16,
            -0.03049533642978646,
            -0.999534909073232
        ],
        "spine": [
            1.224646799147353e-16,
            1.2246467991473535e-16,
            -1.224646799147353e-16,
            -1.0
        ],
        "chest": [
            1.2116814213798317e-16,
            1.237476342564441e-16,
            -0.010531575799066703,
            -0.9999445414177671
        ],
        "upperChest": [
            1.224646799147353e-16,
            1.2246467991473535e-16,
            -1.224646799147353e-16,
            -1.0
        ],
        "leftUpperArm": [
            -0.06071597185680902,
            -0.02030253549533878,
            0.59660902049478,
            0.799974408639553
        ],
        "leftLowerArm": [
            -0.001803914940236847,
            -0.14928439478476108,
            -0.01194805498683461,
            0.9887204657266216
        ],
        "leftHand": [
            -0.08169723803070292,
            0.06482855992046654,
            0.024584441646337475,
            0.9942426385675335
        ],
        "rightUpperArm": [
            -0.16912822587538628,
            0.04795358669755862,
            -0.5522674676069501,
            0.8149213096723451
        ],
        "rightLowerArm": [
            -0.12080482060706906,
            -0.7460665412296617,
            0.10466612996782738,
            -0.6464022838861736
        ],
        "rightHand": [
            0.03859057724784077,
            -0.11741348566128518,
            0.3797802658807019,
            -0.9167833933815168
        ],
        "leftUpperLeg": [
            0.035359864139132995,
            0.09665476454814405,
            -0.11761214537085508,
            0.9877119619400536
        ],
        "leftLowerLeg": [
            1.224646799147353e-16,
            1.2246467991473535e-16,
            -1.224646799147353e-16,
            -1.0
        ],
        "leftFoot": [
            2.818671681790982e-08,
            0.08334233665038761,
            1.7366612803220565e-07,
            -0.9965209756556167
        ],
        "rightUpperLeg": [
            -0.0008507220357977863,
            -0.034854141649661954,
            -0.008142758430539508,
            0.9993588747627276
        ],
        "rightLowerLeg": [
            1.224646799147353e-16,
            1.2246467991473535e-16,
            -1.224646799147353e-16,
            -1.0
        ],
        "rightFoot": [
            -4.318971146770699e-09,
            0.0783808064814394,
            -2.303528687446137e-08,
            -0.9969234921373449
        ],
        "leftEye": [
            1.224646799147353e-16,
            1.2246467991473535e-16,
            -1.224646799147353e-16,
            -1.0
        ],
        "rightEye": [
            1.224646799147353e-16,
            1.2246467991473535e-16,
            -1.224646799147353e-16,
            -1.0
        ],
        "leftShoulder": [
            1.224646799147353e-16,
            1.2246467991473535e-16,
            -1.224646799147353e-16,
            -1.0
        ],
        "leftIndexProximal": [
            1.224646799147353e-16,
            1.2246467991473535e-16,
            -1.224646799147353e-16,
            -1.0
        ],
        "leftIndexIntermediate": [
            1.224646799147353e-16,
            1.2246467991473535e-16,
            -1.224646799147353e-16,
            -1.0
        ],
        "leftIndexDistal": [
            1.224646799147353e-16,
            1.2246467991473535e-16,
            -1.224646799147353e-16,
            -1.0
        ],
        "leftLittleProximal": [
            1.224646799147353e-16,
            1.2246467991473535e-16,
            -1.224646799147353e-16,
            -1.0
        ],
        "leftLittleIntermediate": [
            1.224646799147353e-16,
            1.2246467991473535e-16,
            -1.224646799147353e-16,
            -1.0
        ],
        "leftLittleDistal": [
            1.224646799147353e-16,
            1.2246467991473535e-16,
            -1.224646799147353e-16,
            -1.0
        ],
        "leftMiddleProximal": [
            1.224646799147353e-16,
            1.2246467991473535e-16,
            -1.224646799147353e-16,
            -1.0
        ],
        "leftMiddleIntermediate": [
            1.224646799147353e-16,
            1.2246467991473535e-16,
            -1.224646799147353e-16,
            -1.0
        ],
        "leftMiddleDistal": [
            1.224646799147353e-16,
            1.2246467991473535e-16,
            -1.224646799147353e-16,
            -1.0
        ],
        "leftRingProximal": [
            1.224646799147353e-16,
            1.2246467991473535e-16,
            -1.224646799147353e-16,
            -1.0
        ],
        "leftRingIntermediate": [
            1.224646799147353e-16,
            1.2246467991473535e-16,
            -1.224646799147353e-16,
            -1.0
        ],
        "leftRingDistal": [
            1.224646799147353e-16,
            1.2246467991473535e-16,
            -1.224646799147353e-16,
            -1.0
        ],
        "leftThumbProximal": [
            1.224646799147353e-16,
            1.2246467991473535e-16,
            -1.224646799147353e-16,
            -1.0
        ],
        "leftThumbIntermediate": [
            1.224646799147353e-16,
            1.2246467991473535e-16,
            -1.224646799147353e-16,
            -1.0
        ],
        "leftThumbDistal": [
            1.224646799147353e-16,
            1.2246467991473535e-16,
            -1.224646799147353e-16,
            -1.0
        ],
        "rightShoulder": [
            1.224646799147353e-16,
            1.2246467991473535e-16,
            -1.224646799147353e-16,
            -1.0
        ],
        "rightIndexProximal": [
            1.224646799147353e-16,
            1.2246467991473535e-16,
            -1.224646799147353e-16,
            -1.0
        ],
        "rightIndexIntermediate": [
            1.224646799147353e-16,
            1.2246467991473535e-16,
            -1.224646799147353e-16,
            -1.0
        ],
        "rightIndexDistal": [
            1.224646799147353e-16,
            1.2246467991473535e-16,
            -1.224646799147353e-16,
            -1.0
        ],
        "rightLittleProximal": [
            1.224646799147353e-16,
            1.2246467991473535e-16,
            -1.224646799147353e-16,
            -1.0
        ],
        "rightLittleIntermediate": [
            1.224646799147353e-16,
            1.2246467991473535e-16,
            -1.224646799147353e-16,
            -1.0
        ],
        "rightLittleDistal": [
            1.224646799147353e-16,
            1.2246467991473535e-16,
            -1.224646799147353e-16,
            -1.0
        ],
        "rightMiddleProximal": [
            1.224646799147353e-16,
            1.2246467991473535e-16,
            -1.224646799147353e-16,
            -1.0
        ],
        "rightMiddleIntermediate": [
            1.224646799147353e-16,
            1.2246467991473535e-16,
            -1.224646799147353e-16,
            -1.0
        ],
        "rightMiddleDistal": [
            1.224646799147353e-16,
            1.2246467991473535e-16,
            -1.224646799147353e-16,
            -1.0
        ],
        "rightRingProximal": [
            1.224646799147353e-16,
            1.2246467991473535e-16,
            -1.224646799147353e-16,
            -1.0
        ],