{
    "type": "euler",
    "rotations": {
        "head": [
            -0.020968065292477876,
            -0.11932238267395874,
            -0.015131716357251296,
            0.9925187859133869
        ],
        "neck": [
            0.08659501405900459,
            0.02320991984155926,
            -0.037994842940741576,
            -0.9952482077707939
        ],
        "hips": [
            0.013836946334805707,
            0.28345528171463436,
            -0.037054211119772466,
            0.9581694148857477
        ],
        "spine": [
            0.03648237370000615,
            2.0748783496913062e-07,
            -2.3050312085018604e-08,
            0.9993342966240925
        ],
        "chest": [
            -0.019919515956922255,
            0.0002892179776903834,
            0.014478474910616875,
            -0.9996967055068581
        ],
        "upperChest": [
            1.224646799147353e-16,
            1.2246467991473535e-16,
            -1.224646799147353e-16,
            -1.0
        ],
        "leftUpperArm": [
            -0.09236485211124712,
            -0.053170865094009506,
            0.639802697295502,
            0.761113724572762
        ],
        "leftLowerArm": [
            3.608736281981561e-08,
            4.955335125740374e-08,
            -0.010412987179724097,
            -0.9999457833792745
        ],
        "leftHand": [
            -7.760861313540958e-07,
            1.7721107585469417e-07,
            -0.07629063093415227,
            -0.9970856230189237
        ],
        "rightUpperArm": [
            -0.07873716932594758,
            0.05695781954920276,
            -0.6772476872494526,
            0.7293091491774973
        ],
        "rightLowerArm": [
            -0.019180791431786717,
            0.046952416905904126,
            0.12915892154269648,
            0.990325977026086
        ],
        "rightHand": [
            0.011071369618953343,
            -0.03709072865614799,
            0.09664896107755237,
            0.9945655739794869
        ],
        "leftUpperLeg": [
            -0.04955961955021859,
            -0.08267452445354645,
            -0.03782009932142711,
            -0.9946247569831221
        ],
        "leftLowerLeg": [
            0.41600822067383314,
            5.882689305416553e-08,
            2.7939673662859482e-08,
            -0.9093608526496988
        ],
        "leftFoot": [
            1.224646799147353e-16,
            1.2246467991473535e-16,
            -1.224646799147353e-16,
            -1.0
        ],
        "rightUpperLeg": [
            4.0846389153991485e-08,
            -2.7382060490998443e-08,
            -0.03025376347858561,
            -0.999542250130218
        ],
        "rightLowerLeg": [
            1.224646799147353e-16,
            1.2246467991473535e-16,
            -1.224646799147353e-16,
            -1.0
        ],
        "rightFoot": [
            1.224646799147353e-16,
            1.2246467991473535e-16,
            -1.224646799147353e-16,
            -1.0
        ],
        "leftEye": [
            1.224646799147353e-16,
            1.2246467991473535e-16,
            -1.224646799147353e-16,
            -1.0
        ],
        "rightEye": [
            1.224646799147353e-16,
            1.2246467991473535e-16,
            -1.224646799147353e-16,
            -1.0
        ],
        "leftShoulder": [
            1.224646799147353e-16,
            1.2246467991473535e-16,
            -1.224646799147353e-16,
            -1.0
        ],
        "leftIndexProximal": [
            1.224646799147353e-16,
            1.2246467991473535e-16,
            -1.224646799147353e-16,
            -1.0
        ],
        "leftIndexIntermediate": [
            1.224646799147353e-16,
            1.2246467991473535e-16,
            -1.224646799147353e-16,
            -1.0
        ],
        "leftIndexDistal": [
            1.224646799147353e-16,
            1.2246467991473535e-16,
            -1.224646799147353e-16,
            -1.0
        ],
        "leftLittleProximal": [
            1.224646799147353e-16,
            1.2246467991473535e-16,
            -1.224646799147353e-16,
            -1.0
        ],
        "leftLittleIntermediate": [
            1.224646799147353e-16,
            1.2246467991473535e-16,
            -1.224646799147353e-16,
            -1.0
        ],
        "leftLittleDistal": [
            1.224646799147353e-16,
            1.2246467991473535e-16,
            -1.224646799147353e-16,
            -1.0
        ],
        "leftMiddleProximal": [
            1.224646799147353e-16,
            1.2246467991473535e-16,
            -1.224646799147353e-16,
            -1.0
        ],
        "leftMiddleIntermediate": [
            1.224646799147353e-16,
            1.2246467991473535e-16,
            -1.224646799147353e-16,
            -1.0
        ],
        "leftMiddleDistal": [
            1.224646799147353e-16,
            1.2246467991473535e-16,
            -1.224646799147353e-16,
            -1.0
        ],
        "leftRingProximal": [
            1.224646799147353e-16,
            1.2246467991473535e-16,
            -1.224646799147353e-16,
            -1.0
        ],
        "leftRingIntermediate": [
            1.224646799147353e-16,
            1.2246467991473535e-16,
            -1.224646799147353e-16,
            -1.0
        ],
        "leftRingDistal": [
            1.224646799147353e-16,
            1.2246467991473535e-16,
            -1.224646799147353e-16,
            -1.0
        ],
        "leftThumbProximal": [
            1.224646799147353e-16,
            1.2246467991473535e-16,
            -1.224646799147353e-16,
            -1.0
        ],
        "leftThumbIntermediate": [
            1.224646799147353e-16,
            1.2246467991473535e-16,
            -1.224646799147353e-16,
            -1.0
        ],
        "leftThumbDistal": [
            1.224646799147353e-16,
            1.2246467991473535e-16,
            -1.224646799147353e-16,
            -1.0
        ],
        "rightShoulder": [
            1.224646799147353e-16,
            1.2246467991473535e-16,
            -1.224646799147353e-16,
            -1.0
        ],
        "rightIndexProximal": [
            1.224646799147353e-16,
            1.2246467991473535e-16,
            -1.224646799147353e-16,
            -1.0
        ],
        "rightIndexIntermediate": [
            1.224646799147353e-16,
            1.2246467991473535e-16,
            -1.224646799147353e-16,
            -1.0
        ],
        "rightIndexDistal": [
            1.224646799147353e-16,
            1.2246467991473535e-16,
            -1.224646799147353e-16,
            -1.0
        ],
        "rightLittleProximal": [
            1.224646799147353e-16,
            1.2246467991473535e-16,
            -1.224646799147353e-16,
            -1.0
        ],
        "rightLittleIntermediate": [
            1.224646799147353e-16,
            1.2246467991473535e-16,
            -1.224646799147353e-16,
            -1.0
        ],
        "rightLittleDistal": [
            1.224646799147353e-16,
            1.2246467991473535e-16,
            -1.224646799147353e-16,
            -1.0
        ],
        "rightMiddleProximal": [
            1.224646799147353e-16,
            1.2246467991473535e-16,
            -1.224646799147353e-16,
            -1.0
        ],
        "rightMiddleIntermediate": [
            1.224646799147353e-16,
            1.2246467991473535e-16,
            -1.224646799147353e-16,
            -1.0
        ],
        "rightMiddleDistal": [
            1.224646799147353e-16,
            1.2246467991473535e-16,
            -1.224646799147353e-16,
            -1.0
        ],
        "rightRingProximal": [
            1.224646799147353e-16,
            1.2246467991473535e-16,
            -1.224646799147353e-16,
            -1.0
        ],